City_ID,City,Lat,Lng,Max Temp,Humidity,Cloudiness,Wind Speed,Country,Date
0,Punta Arenas,-53.15,-70.9167,42.91,70,40,6.91,CL,2022-12-10 05:05:43
1,Rikitea,-23.1203,-134.9692,76.32,79,11,11.32,PF,2022-12-10 05:05:44
2,Busselton,-33.65,115.3333,71.17,37,91,8.55,AU,2022-12-10 05:05:44
3,Codrington,-38.2667,141.9667,74.64,44,4,6.62,AU,2022-12-10 05:05:45
4,Kuldur,49.2167,131.6333,8.64,84,59,4.32,RU,2022-12-10 05:05:45
5,Hobart,-42.8794,147.3294,66.22,65,75,5.75,AU,2022-12-10 05:01:13
6,Chokurdakh,70.6333,147.9167,-12.82,97,100,4.76,RU,2022-12-10 05:05:46
7,Ushuaia,-54.8,-68.3,31.66,95,14,3.24,AR,2022-12-10 05:01:52
8,Kodiak,57.79,-152.4072,29.71,43,0,8.05,US,2022-12-10 05:05:46
9,Norman Wells,65.282,-126.8329,-11.16,70,75,4.61,CA,2022-12-10 04:57:22
10,Albany,42.6001,-73.9662,25.65,70,0,1.99,US,2022-12-10 05:05:47
11,Barrow,71.2906,-156.7887,1.42,85,0,10.36,US,2022-12-10 05:05:47
12,Batie,9.8833,-2.9167,72.86,26,0,4.41,BF,2022-12-10 05:05:48
13,Fortuna,40.5982,-124.1573,49.66,90,100,28.77,US,2022-12-10 05:01:28
14,Cabo San Lucas,22.8909,-109.9124,68.61,70,19,6.64,MX,2022-12-10 05:00:01
15,Port Alfred,-33.5906,26.891,70.18,89,97,8.99,ZA,2022-12-10 05:05:49
16,Bluff,-46.6,168.3333,63.81,83,71,15.17,NZ,2022-12-10 05:05:49
17,Lata,40.1629,-8.3327,53.08,91,100,4.63,PT,2022-12-10 05:05:49
18,Tiksi,71.6872,128.8694,-29.47,100,79,5.12,RU,2022-12-10 05:05:03
19,Jaguarari,-10.2639,-40.1958,68.7,67,82,4.72,BR,2022-12-10 05:05:50
20,Ambilobe,-13.2,49.05,82.56,69,27,1.59,MG,2022-12-10 05:05:50
21,Jiexiu,37.0244,111.9125,33.48,23,82,4.36,CN,2022-12-10 05:05:51
22,Arraial Do Cabo,-22.9661,-42.0278,72.68,93,1,7.25,BR,2022-12-10 05:05:51
23,Opuwo,-18.0607,13.84,65.82,30,3,3.36,NA,2022-12-10 05:05:52
24,Sao Joao Da Barra,-21.6403,-41.0511,73.09,93,2,3.76,BR,2022-12-10 05:05:01
25,Mangan,27.5167,88.5333,71.28,45,4,5.88,IN,2022-12-10 05:05:52
26,Vila Velha,-20.3297,-40.2925,76.95,97,75,0.0,BR,2022-12-10 04:53:38
27,Puerto Escondido,15.85,-97.0667,74.23,78,0,8.05,MX,2022-12-10 05:05:27
28,Oistins,13.0667,-59.5333,72.52,94,20,6.91,BB,2022-12-10 05:05:53
29,Klaksvik,62.2266,-6.589,36.52,65,100,32.5,FO,2022-12-10 05:05:53
30,Mezen,65.8522,44.24,6.49,91,96,9.75,RU,2022-12-10 05:05:54
31,Cape Town,-33.9258,18.4232,72.37,73,5,10.0,ZA,2022-12-10 05:05:02
32,Orvault,47.271,-1.6219,26.49,80,3,2.3,FR,2022-12-10 05:05:54
33,Atuona,-9.8,-139.0333,77.13,73,18,6.04,PF,2022-12-10 05:05:55
34,Lokosovo,61.1333,74.8167,-18.58,97,18,7.94,RU,2022-12-10 05:05:55
35,Kingston,17.997,-76.7936,76.15,75,20,8.05,JM,2022-12-10 05:05:56
36,Oranjemund,-28.55,16.4333,62.74,91,79,7.99,NA,2022-12-10 05:05:56
37,Saskylakh,71.9167,114.0833,-14.82,100,99,4.25,RU,2022-12-10 05:05:57
38,Sisimiut,66.9395,-53.6735,29.55,71,98,10.92,GL,2022-12-10 04:58:52
39,Yerbogachen,61.2767,108.0108,1.31,94,100,9.01,RU,2022-12-10 05:05:57
40,Kadoma,34.7333,135.5833,62.65,36,1,2.55,JP,2022-12-10 05:05:58
41,Wanaka,-44.7,169.15,63.41,54,89,9.75,NZ,2022-12-10 05:05:58
42,Patti,31.2808,74.8572,64.47,34,56,6.26,IN,2022-12-10 05:05:59
43,Victoria,22.2855,114.1577,74.25,69,6,8.99,HK,2022-12-10 05:01:13
44,Vigrestad,58.5667,5.7,25.97,59,18,11.27,NO,2022-12-10 05:05:59
45,Sasaram,24.951,84.0149,73.76,32,40,2.57,IN,2022-12-10 05:06:00
46,Moindou,-21.6924,165.677,82.87,70,44,4.76,NC,2022-12-10 05:07:00
47,Mecca,21.4267,39.8261,73.87,66,0,5.28,SA,2022-12-10 05:05:01
48,Yoichi,43.2039,140.7703,36.36,71,82,16.02,JP,2022-12-10 05:07:01
49,Ribeira Grande,38.5167,-28.7,65.77,94,64,20.0,PT,2022-12-10 05:07:01
50,Chifeng,42.2683,118.9636,24.96,29,1,12.71,CN,2022-12-10 05:00:37
51,Tasiilaq,65.6145,-37.6368,24.96,58,47,4.68,GL,2022-12-10 05:07:03
52,Hermanus,-34.4187,19.2345,66.79,79,1,4.12,ZA,2022-12-10 05:07:03
53,Bengkulu,-3.8004,102.2655,82.54,70,100,7.81,ID,2022-12-10 04:57:33
54,Stromness,58.965,-3.296,39.16,64,99,23.2,GB,2022-12-10 05:07:04
55,Wuxi,31.5689,120.2886,51.98,71,99,12.46,CN,2022-12-10 05:07:05
56,Dunedin,-45.8742,170.5036,56.48,92,55,5.95,NZ,2022-12-10 05:07:05
57,Lokoja,7.8024,6.743,71.56,28,4,0.89,NG,2022-12-10 05:07:06
58,Provideniya,64.3833,-173.3,23.41,93,98,8.08,RU,2022-12-10 05:07:06
59,Balikpapan,-1.2675,116.8289,88.79,66,20,6.91,ID,2022-12-10 05:07:07
60,Yellowknife,62.456,-114.3525,1.02,98,100,2.33,CA,2022-12-10 05:07:07
61,Tuktoyaktuk,69.4541,-133.0374,-0.71,94,100,8.08,CA,2022-12-10 05:07:08
62,Morondava,-20.2833,44.2833,83.25,62,0,5.19,MG,2022-12-10 05:07:08
63,Cidreira,-30.1811,-50.2056,70.38,92,25,15.99,BR,2022-12-10 05:07:09
64,Upernavik,72.7868,-56.1549,31.06,67,100,16.08,GL,2022-12-10 05:07:09
65,Kapaa,22.0752,-159.319,77.32,73,40,16.11,US,2022-12-10 05:07:10
66,Avarua,-21.2078,-159.775,75.25,83,100,5.75,CK,2022-12-10 05:07:10
67,San Patricio,28.017,-97.5169,73.27,89,11,10.2,US,2022-12-10 05:07:11
68,Pilar,-9.5972,-35.9567,73.33,92,95,5.95,BR,2022-12-10 05:07:12
69,Lompoc,34.6391,-120.4579,54.79,96,100,9.22,US,2022-12-10 05:07:12
70,Mataura,-46.1927,168.8643,63.48,86,100,5.75,NZ,2022-12-10 05:07:13
71,Khatanga,71.9667,102.5,-10.32,99,100,5.12,RU,2022-12-10 05:07:13
72,Ketchikan,55.3422,-131.6461,31.66,93,100,5.21,US,2022-12-10 05:02:24
73,Lagoa,39.05,-27.9833,65.05,85,98,22.88,PT,2022-12-10 05:03:09
74,Mount Isa,-20.7333,139.5,107.37,8,0,8.05,AU,2022-12-10 04:53:43
75,Bredasdorp,-34.5322,20.0403,68.83,76,5,3.94,ZA,2022-12-10 05:07:15
76,Esperance,-33.8667,121.9,63.5,66,88,15.55,AU,2022-12-10 05:07:15
77,Penzance,50.1186,-5.5371,34.48,64,100,2.66,GB,2022-12-10 05:04:24
78,Kikwit,-5.041,18.8162,68.32,88,100,2.24,CD,2022-12-10 05:07:16
79,Cockburn Town,21.4612,-71.1419,77.0,65,13,11.97,TC,2022-12-10 05:07:17
80,Robertson,36.5167,-86.8667,53.58,99,100,0.0,US,2022-12-10 05:07:17
81,Svetlyy,54.675,20.1347,23.05,88,98,4.18,RU,2022-12-10 05:07:18
82,Oparino,59.8518,48.2783,16.39,95,100,5.91,RU,2022-12-10 05:07:18
83,Chuy,-33.6971,-53.4616,71.82,75,76,4.03,UY,2022-12-10 05:07:19
84,Lebyazhye,55.2689,66.4947,13.39,93,100,11.23,RU,2022-12-10 05:07:19
85,Akdepe,42.0551,59.3788,19.65,54,0,12.91,TM,2022-12-10 05:07:20
86,Portland,45.5234,-122.6762,47.48,94,100,17.27,US,2022-12-10 05:07:10
87,Tabuleiro Do Norte,-5.2467,-38.1306,77.09,82,31,7.76,BR,2022-12-10 05:07:20
88,Savannah Bight,16.45,-85.85,80.8,67,8,10.89,HN,2022-12-10 05:07:21
89,Leningradskiy,69.3833,178.4167,-6.03,91,93,2.48,RU,2022-12-10 05:07:22
90,Carnarvon,-24.8667,113.6333,76.37,48,0,16.42,AU,2022-12-10 05:05:02
91,Georgetown,5.4112,100.3354,85.93,82,20,10.36,MY,2022-12-10 05:04:07
92,Hithadhoo,-0.6,73.0833,81.82,76,92,14.25,MV,2022-12-10 05:08:23
93,Deputatskiy,69.3,139.9,-24.16,97,100,4.72,RU,2022-12-10 05:08:24
94,Vardo,70.3705,31.1107,24.78,86,100,6.91,NO,2022-12-10 05:08:24
95,Jamestown,42.097,-79.2353,27.18,69,0,6.91,US,2022-12-10 05:05:14
96,Saint-Philippe,-21.3585,55.7679,81.99,84,25,11.34,RE,2022-12-10 05:08:25
97,Beringovskiy,63.05,179.3167,29.73,96,100,22.35,RU,2022-12-10 05:08:25
98,Tiffin,41.1145,-83.178,38.34,95,100,8.46,US,2022-12-10 05:06:02
99,Marienburg,54.0359,19.0266,32.04,93,11,4.16,PL,2022-12-10 05:08:26
100,Mehamn,71.0357,27.8492,17.51,79,93,11.5,NO,2022-12-10 05:08:27
101,East London,-33.0153,27.9116,72.84,71,96,16.49,ZA,2022-12-10 05:08:27
102,Hilo,19.7297,-155.09,71.26,89,75,8.01,US,2022-12-10 05:08:28
103,Jablanica,43.6603,17.7617,60.87,98,100,6.04,BA,2022-12-10 05:08:28
104,Mahebourg,-20.4081,57.7,77.25,78,72,10.33,MU,2022-12-10 05:08:28
105,Changtu,42.7788,124.0955,21.61,40,0,8.66,CN,2022-12-10 05:08:29
106,Saint George,37.1041,-113.5841,39.43,67,0,4.61,US,2022-12-10 05:07:04
107,Souillac,-20.5167,57.5167,79.18,74,24,10.65,MU,2022-12-10 05:08:29
108,Northam,51.0333,-4.2167,33.26,76,50,4.65,GB,2022-12-10 05:08:30
109,Vestmanna,62.1564,-7.1664,34.72,80,40,18.41,FO,2022-12-10 05:08:30
110,Lavrentiya,65.5833,-171.0,14.65,91,96,4.92,RU,2022-12-10 05:08:31
111,Havre-Saint-Pierre,50.2334,-63.5986,14.29,53,21,16.51,CA,2022-12-10 05:08:31
112,Farragut,35.8845,-84.1535,58.75,98,100,5.75,US,2022-12-10 05:08:32
113,Tandil,-37.3217,-59.1332,56.68,67,18,5.28,AR,2022-12-10 05:08:32
114,Lebu,-37.6167,-73.65,55.42,86,97,7.9,CL,2022-12-10 05:08:33
115,Vredendal,-31.6683,18.5012,64.47,85,0,1.14,ZA,2022-12-10 05:08:33
116,Kaitangata,-46.2817,169.8464,54.19,98,73,3.83,NZ,2022-12-10 05:08:33
117,Ostersund,63.1792,14.6357,18.05,86,40,10.36,SE,2022-12-10 05:08:34
118,Cap Malheureux,-19.9842,57.6142,77.47,78,65,5.01,MU,2022-12-10 05:08:35
119,Granada,37.25,-3.25,47.86,87,93,14.05,ES,2022-12-10 05:08:35
120,Kashipur,29.2167,78.95,69.71,31,43,2.46,IN,2022-12-10 05:08:35
121,General Roca,-39.0333,-67.5833,70.63,39,47,8.88,AR,2022-12-10 05:08:36
122,Vao,-22.6667,167.4833,79.32,79,4,11.21,NC,2022-12-10 05:08:36
123,Maragogi,-9.0122,-35.2225,77.23,86,99,9.57,BR,2022-12-10 05:08:37
124,Mar Del Plata,-38.0023,-57.5575,64.87,76,0,8.99,AR,2022-12-10 05:08:37
125,Camopi,3.1655,-52.3158,70.54,99,97,2.42,GF,2022-12-10 05:08:38
126,New Norfolk,-42.7826,147.0587,65.88,47,99,1.99,AU,2022-12-10 05:08:38
127,Charters Towers,-20.1,146.2667,99.27,24,5,5.5,AU,2022-12-10 05:08:39
128,Andros Town,24.7,-77.7667,75.45,73,2,7.65,BS,2022-12-10 05:00:31
129,Pangoa,-12.1167,-73.0,69.01,99,100,1.88,PE,2022-12-10 05:08:39
130,Puerto Ayora,-0.7393,-90.3518,69.55,95,62,1.99,EC,2022-12-10 05:08:40
131,Paranaiba,-19.6772,-51.1908,76.73,77,84,3.18,BR,2022-12-10 05:05:04
132,Sadiqabad,28.3062,70.1307,72.61,25,50,13.04,PK,2022-12-10 05:08:40
133,Charlestown,-32.95,151.6667,70.02,61,64,1.99,AU,2022-12-10 05:08:41
134,Otjiwarongo,-20.4637,16.6477,68.49,29,59,6.6,NA,2022-12-10 05:09:42
135,Ugoofaaru,5.6667,73.0,81.25,76,99,15.9,MV,2022-12-10 05:09:42
136,Russellville,35.2784,-93.1338,51.19,64,0,0.0,US,2022-12-10 05:05:20
137,Butaritari,3.0707,172.7902,81.86,79,43,17.38,KI,2022-12-10 05:09:43
138,Troitsko-Pechorsk,62.7084,56.1964,-14.46,100,98,1.61,RU,2022-12-10 05:09:43
139,Torbay,47.6666,-52.7314,38.75,97,100,13.0,CA,2022-12-10 05:05:37
140,Nanortalik,60.1432,-45.2371,21.54,81,5,6.42,GL,2022-12-10 05:09:44
141,Dinar,38.065,30.1656,35.56,80,100,6.02,TR,2022-12-10 05:09:44
142,Bethel,41.3712,-73.414,34.16,63,0,0.0,US,2022-12-10 05:07:37
143,Mogadishu,2.0371,45.3438,81.28,74,97,13.06,SO,2022-12-10 05:09:45
144,Taybad,34.74,60.7756,32.07,53,6,9.44,IR,2022-12-10 05:09:45
145,La Ronge,55.1001,-105.2842,18.0,97,100,2.98,CA,2022-12-10 05:09:46
146,Tilichiki,60.4667,166.1,10.51,92,100,7.52,RU,2022-12-10 05:09:46
147,Coquimbo,-29.9533,-71.3436,62.33,100,100,5.75,CL,2022-12-10 05:09:47
148,Lukovetskiy,64.2956,41.9211,11.59,93,99,8.46,RU,2022-12-10 05:09:47
149,Polonnaruwa,7.9333,81.0,85.57,54,57,4.68,LK,2022-12-10 05:09:48
150,Zagare,56.3592,23.25,14.68,100,98,4.36,LT,2022-12-10 05:09:48
151,Faya,18.3851,42.4509,54.12,66,2,2.55,SA,2022-12-10 05:09:49
152,Taft,31.7471,54.2088,39.69,60,97,1.72,IR,2022-12-10 05:07:19
153,Shinyanga,-3.6667,33.4333,70.66,72,99,2.01,TZ,2022-12-10 05:09:49
154,Marawi,7.9986,124.2928,79.11,71,89,4.79,PH,2022-12-10 05:09:50
155,Dikson,73.5069,80.5464,-2.52,100,100,10.54,RU,2022-12-10 05:09:50
156,Vaini,-21.2,-175.2,75.36,100,100,11.5,TO,2022-12-10 05:09:15
157,Sarwar,26.0667,75.0,71.85,29,0,5.59,IN,2022-12-10 05:09:51
158,Naze,28.3667,129.4833,66.87,76,59,9.01,JP,2022-12-10 05:09:51
159,Male,4.1748,73.5089,84.15,74,75,16.11,MV,2022-12-10 05:09:51
160,Nyurba,63.2842,118.3319,-12.93,98,100,3.56,RU,2022-12-10 05:09:52
161,Luwuk,-0.9516,122.7875,86.14,66,99,5.01,ID,2022-12-10 05:09:52
162,Bukama,-9.2,25.85,68.72,96,99,1.07,CD,2022-12-10 05:06:15
163,Yar-Sale,66.8333,70.8333,-0.67,94,98,12.73,RU,2022-12-10 05:09:53
164,Butka,56.7179,63.7866,13.91,93,100,7.27,RU,2022-12-10 05:09:53
165,Tianpeng,30.9866,103.9393,58.73,44,74,3.89,CN,2022-12-10 05:05:15
166,Saldanha,-33.0117,17.9442,64.98,81,0,3.67,ZA,2022-12-10 05:09:54
167,Inhambane,-23.865,35.3833,78.98,67,74,5.41,MZ,2022-12-10 05:00:29
168,Nikolskoye,59.7035,30.7861,22.89,96,91,3.47,RU,2022-12-10 05:09:54
169,Aldergrove,49.058,-122.4709,40.89,89,100,5.66,CA,2022-12-10 05:09:55
170,Bilma,18.6853,12.9164,63.46,20,0,5.95,NE,2022-12-10 05:09:55
171,Guerrero Negro,27.9769,-114.0611,59.0,71,0,11.5,MX,2022-12-10 05:09:56
172,Mangai,-4.05,19.5333,67.42,95,96,1.57,CD,2022-12-10 05:09:56
173,Zykovo,55.9519,93.1461,18.34,65,100,15.84,RU,2022-12-10 05:09:57
174,Vila Franca Do Campo,37.7167,-25.4333,68.2,93,100,24.92,PT,2022-12-10 05:09:57
175,Ankpa,7.3706,7.6253,68.4,26,2,3.06,NG,2022-12-10 05:09:58
176,Bereda,43.2686,-7.5406,41.41,90,99,3.76,ES,2022-12-10 05:09:58
177,Dubti,11.7361,41.0853,75.42,53,2,9.35,ET,2022-12-10 05:09:58
178,Castro,-24.7911,-50.0119,61.63,96,58,1.99,BR,2022-12-10 05:09:59
179,Hammerfest,70.6634,23.6821,19.85,68,22,11.5,NO,2022-12-10 05:09:59
180,Guaratinga,-16.5667,-39.5667,71.91,96,99,3.98,BR,2022-12-10 05:11:00
181,Ingham,42.6,-84.3833,32.18,89,100,9.22,US,2022-12-10 05:11:00
182,Cayenne,4.9333,-52.3333,75.24,94,20,4.61,GF,2022-12-10 05:11:01
183,Faanui,-16.4833,-151.75,79.93,73,38,6.6,PF,2022-12-10 05:11:01
184,Storforshei,66.4043,14.5233,15.66,92,83,0.0,NO,2022-12-10 05:11:02
185,Bathsheba,13.2167,-59.5167,73.06,93,20,6.91,BB,2022-12-10 05:11:02
186,Lardos,36.0942,28.0157,66.94,77,57,12.39,GR,2022-12-10 05:11:03
187,Grabouw,-34.1515,19.0151,64.47,73,1,5.06,ZA,2022-12-10 05:11:03
188,Vostok,46.4856,135.8833,13.03,87,100,7.83,RU,2022-12-10 05:11:04
189,Doha,25.2867,51.5333,69.78,60,20,13.8,QA,2022-12-10 05:08:12
190,Namatanai,-3.6667,152.4333,84.49,69,60,5.68,PG,2022-12-10 05:11:04
191,Fairbanks,64.8378,-147.7164,-6.99,100,98,1.9,US,2022-12-10 05:11:05
192,Ostrovnoy,68.0531,39.5131,20.66,90,100,16.11,RU,2022-12-10 05:11:05
193,Bambous Virieux,-20.3428,57.7575,76.21,78,76,10.2,MU,2022-12-10 05:11:06
194,Huarmey,-10.0681,-78.1522,66.61,86,99,4.16,PE,2022-12-10 05:11:06
195,Kruisfontein,-34.0033,24.7314,69.76,59,57,13.49,ZA,2022-12-10 05:11:07
196,Smithers,54.7804,-127.1743,16.93,97,100,0.69,CA,2022-12-10 05:11:07
197,Aksarka,66.5606,67.7975,-0.56,92,100,5.46,RU,2022-12-10 05:11:08
198,Viedma,-40.8135,-62.9967,64.4,49,2,9.95,AR,2022-12-10 05:11:08
199,Gayny,60.3071,54.3241,12.81,95,100,4.99,RU,2022-12-10 05:11:09
200,Am Timan,11.0297,20.2827,67.14,22,29,6.33,TD,2022-12-10 05:11:09
201,Kavaratti,10.5669,72.642,81.3,66,87,13.15,IN,2022-12-10 05:11:10
202,Kirakira,-10.4544,161.9205,80.44,86,100,8.66,SB,2022-12-10 05:11:10
203,Ordzhonikidze,52.4411,61.7408,2.88,75,22,7.72,KZ,2022-12-10 05:11:11
204,Dingle,10.9995,122.6711,79.66,87,100,1.45,PH,2022-12-10 05:11:11
205,Karasjok,69.4719,25.5112,2.62,97,62,4.5,NO,2022-12-10 05:11:12
206,Lokachi,50.737,24.6494,33.75,99,100,7.85,UA,2022-12-10 05:11:12
207,Juxtlahuaca,17.4294,-99.1467,65.21,68,1,1.97,MX,2022-12-10 05:11:13
208,Pervomayskoye,43.919,46.7102,44.49,80,99,18.3,RU,2022-12-10 05:11:13
209,Fonte Boa,-2.4959,-66.2662,74.34,96,100,2.59,BR,2022-12-10 05:11:13
210,Wewak,-3.5534,143.6268,84.9,68,94,5.95,PG,2022-12-10 05:11:14
211,Amapa,1.0,-52.0,70.59,96,100,1.79,BR,2022-12-10 05:11:15
212,Mizdah,31.4451,12.9801,62.65,32,47,10.07,LY,2022-12-10 05:11:15
213,Berlevag,70.8578,29.0864,17.55,79,20,14.97,NO,2022-12-10 05:11:15
214,Pisco,-13.7,-76.2167,68.05,83,0,10.36,PE,2022-12-10 05:11:16
215,Saint-Joseph,-21.3667,55.6167,80.98,81,17,10.25,RE,2022-12-10 05:11:16
216,Preobrazheniye,42.9019,133.9064,29.32,45,2,6.96,RU,2022-12-10 05:11:17
217,Aguimes,27.9054,-15.4461,66.83,88,75,2.3,ES,2022-12-10 05:11:17
218,Sokyryany,48.4475,27.4168,40.71,93,100,11.9,UA,2022-12-10 05:11:18
219,Ponta Do Sol,32.6667,-17.1,69.01,81,100,3.44,PT,2022-12-10 05:11:18
220,Grand Gaube,-20.0064,57.6608,76.37,78,84,11.01,MU,2022-12-10 05:11:19
221,Areia Branca,-4.9561,-37.1369,78.24,81,42,15.57,BR,2022-12-10 05:11:19
222,Hambantota,6.1241,81.1185,80.29,80,95,14.07,LK,2022-12-10 05:11:20
223,Caohe,30.2297,115.4335,58.1,53,3,7.36,CN,2022-12-10 05:11:21
224,Hamilton,39.1834,-84.5333,46.44,93,100,6.91,US,2022-12-10 05:11:21
225,Luderitz,-26.6481,15.1594,62.08,86,9,10.94,NA,2022-12-10 05:11:21
226,Thompson,55.7435,-97.8558,14.16,92,75,6.91,CA,2022-12-10 05:11:22
227,Mangrol,21.1167,70.1167,78.22,32,2,9.53,IN,2022-12-10 05:11:23
228,Airai,-8.9266,125.4092,79.18,39,99,5.57,TL,2022-12-10 05:11:23
229,Tawau,4.2498,117.8871,83.28,73,92,3.02,MY,2022-12-10 05:12:24
230,Mitu,1.1983,-70.1733,70.99,98,100,1.1,CO,2022-12-10 05:12:25
231,Broome,42.2506,-75.833,27.01,82,0,6.91,US,2022-12-10 05:12:25
232,Sakakah,29.9697,40.2064,54.64,61,2,4.14,SA,2022-12-10 05:12:26
233,Antalaha,-14.9003,50.2788,81.16,66,17,6.6,MG,2022-12-10 05:12:27
234,Avera,33.194,-82.5271,54.37,93,100,7.83,US,2022-12-10 05:12:27
235,Loiza,18.4313,-65.8802,75.18,78,20,4.61,PR,2022-12-10 05:12:27
236,Saint Anthony,45.0205,-93.218,32.22,86,100,13.8,US,2022-12-10 05:12:28
237,Ariquemes,-9.9133,-63.0408,74.44,90,95,2.75,BR,2022-12-10 05:12:28
238,Curaca,-8.9903,-39.9094,82.71,42,81,8.79,BR,2022-12-10 05:12:29
239,Tura,25.5198,90.2201,74.41,44,6,2.21,IN,2022-12-10 05:12:29
240,Tuatapere,-46.1333,167.6833,58.66,84,100,6.98,NZ,2022-12-10 05:10:32
241,Lakes Entrance,-37.8811,147.981,65.16,64,14,15.7,AU,2022-12-10 05:12:30
242,Marzuq,14.4,46.4667,67.01,39,2,1.3,YE,2022-12-10 05:12:30
243,Nantucket,41.2835,-70.0995,44.71,76,100,26.46,US,2022-12-10 05:12:31
244,Kahului,20.8947,-156.47,75.85,68,20,18.41,US,2022-12-10 05:12:31
245,Nimaparha,20.0667,86.0167,73.8,33,83,9.48,IN,2022-12-10 05:12:32
246,Gualeguay,-33.1416,-59.3097,73.47,80,100,8.61,AR,2022-12-10 05:12:32
247,Thinadhoo,0.5333,72.9333,82.29,77,100,16.89,MV,2022-12-10 05:11:46
248,Fort Nelson,58.8053,-122.7002,-3.05,78,95,1.99,CA,2022-12-10 05:12:33
249,Kurud,20.8322,81.7214,73.38,29,100,7.96,IN,2022-12-10 05:12:33
250,Trinidad,-14.8333,-64.9,77.95,77,71,4.65,BO,2022-12-10 05:12:34
251,Yulara,-25.2406,130.9889,105.35,15,28,16.33,AU,2022-12-10 05:12:34
252,Coihaique,-45.5752,-72.0662,48.81,93,0,2.3,CL,2022-12-10 05:12:35
253,Poum,-20.2333,164.0167,82.78,73,4,10.27,NC,2022-12-10 05:12:35
254,Aubenas,44.6201,4.3899,37.17,96,99,6.06,FR,2022-12-10 05:12:35
255,Poya,-21.35,165.15,83.98,69,34,4.0,NC,2022-12-10 05:12:36
256,Abalak,58.1286,68.5944,-3.19,99,82,2.98,RU,2022-12-10 05:12:36
257,Lysva,58.1086,57.8053,12.94,94,100,8.23,RU,2022-12-10 05:12:37
258,Ucluelet,48.9329,-125.5528,41.09,91,100,1.01,CA,2022-12-10 05:12:37
259,Sarangani,5.4033,125.4636,83.52,73,99,16.44,PH,2022-12-10 05:12:38
260,Ottumwa,41.02,-92.4113,38.95,92,100,0.0,US,2022-12-10 05:12:38
261,Lyubashivka,47.8372,30.2598,45.23,98,89,14.34,UA,2022-12-10 05:12:38
262,Moranbah,-22.0016,148.0466,96.21,27,31,0.38,AU,2022-12-10 05:12:39
263,Cherskiy,68.75,161.3,-31.4,100,52,4.29,RU,2022-12-10 05:12:39
264,Kulhudhuffushi,6.6221,73.07,81.79,68,76,15.68,MV,2022-12-10 05:12:40
265,Lincoln,40.8,-96.667,35.51,90,100,3.44,US,2022-12-10 05:12:37
266,Port Hueneme,34.1478,-119.1951,57.45,84,100,5.75,US,2022-12-10 05:12:40
267,Kashi,39.4547,75.9797,29.26,34,58,0.85,CN,2022-12-10 05:12:41
268,Krasnoselkup,65.7,82.4667,-9.81,98,98,8.57,RU,2022-12-10 05:12:41
269,Mackay,-21.15,149.2,86.68,67,54,12.24,AU,2022-12-10 05:12:42
270,Emerald,-23.5333,148.1667,90.34,45,57,7.58,AU,2022-12-10 05:12:42
271,Taseyevo,57.2169,94.8978,13.32,85,100,13.27,RU,2022-12-10 05:12:43
272,Cairns,-16.9167,145.7667,85.95,70,5,5.75,AU,2022-12-10 05:10:13
273,West Bay,19.3667,-81.4167,79.0,77,30,1.99,KY,2022-12-10 05:12:43
274,Kanniyakumari,8.0833,77.5667,81.21,73,75,18.14,IN,2022-12-10 05:12:44
275,Slave Lake,55.2834,-114.769,13.69,86,5,2.93,CA,2022-12-10 05:13:44
276,Harper,4.375,-7.7169,78.1,84,0,6.24,LR,2022-12-10 05:13:44
277,Hami,42.8,93.45,27.75,35,95,6.51,CN,2022-12-10 05:13:45
278,Celestun,20.8667,-90.4,74.35,72,8,14.63,MX,2022-12-10 05:13:45
279,Lorengau,-2.0226,147.2712,83.61,71,100,4.92,PG,2022-12-10 05:13:46
280,Dondo,-19.6094,34.7431,76.12,86,100,4.0,MZ,2022-12-10 05:13:46
281,Qaanaaq,77.484,-69.3632,7.7,87,100,1.95,GL,2022-12-10 05:13:47
282,Sorland,67.667,12.6934,33.66,56,11,13.44,NO,2022-12-10 05:11:45
283,Outram,1.2829,103.8379,84.22,74,75,3.44,MY,2022-12-10 05:13:47
284,Gobabis,-22.45,18.9667,71.53,54,59,10.04,NA,2022-12-10 05:13:48
285,Pacific Grove,36.6177,-121.9166,53.28,87,40,7.0,US,2022-12-10 05:13:48
286,Boyolangu,-8.1181,111.8935,85.84,59,23,8.14,ID,2022-12-10 05:13:48
287,Maryborough,-25.5333,152.7,74.01,69,100,9.22,AU,2022-12-10 05:13:49
288,La Paz,-16.5,-68.15,40.98,100,40,5.75,BO,2022-12-10 05:13:49
289,Sao Jose Da Coroa Grande,-8.8978,-35.1478,77.65,85,93,9.93,BR,2022-12-10 05:13:50
290,Severo-Kurilsk,50.6789,156.125,27.27,66,99,13.51,RU,2022-12-10 05:13:50
291,Honiara,-9.4333,159.95,82.47,81,99,3.47,SB,2022-12-10 05:13:51
292,Salalah,17.0151,54.0924,80.69,36,0,5.75,OM,2022-12-10 05:13:51
293,Kavieng,-2.5744,150.7967,83.86,71,48,4.92,PG,2022-12-10 05:13:51
294,Olafsvik,64.8945,-23.7142,33.93,74,7,14.03,IS,2022-12-10 05:13:52
295,Tocopilla,-22.092,-70.1979,66.47,71,24,5.48,CL,2022-12-10 05:11:53
296,Ambato,-1.2491,-78.6168,57.9,49,100,1.61,EC,2022-12-10 05:13:52
297,Bar Harbor,44.3876,-68.2039,27.91,65,0,17.27,US,2022-12-10 05:13:53
298,Constantine,36.365,6.6147,54.81,82,75,10.36,DZ,2022-12-10 05:13:53
299,Sao Filipe,14.8961,-24.4956,75.67,78,1,7.25,CV,2022-12-10 05:13:54
300,Khash,28.2211,61.2158,46.54,55,10,7.27,IR,2022-12-10 05:13:54
301,Balabac,7.9868,117.0645,84.04,70,97,12.08,PH,2022-12-10 05:13:54
302,Arlit,18.7369,7.3853,63.43,19,1,0.34,NE,2022-12-10 05:13:55
303,Motygino,58.1831,94.7592,9.34,93,100,11.45,RU,2022-12-10 05:13:55
304,Borovoy,55.4333,86.0833,1.69,85,100,15.66,RU,2022-12-10 05:13:56
305,Richards Bay,-28.783,32.0377,76.98,74,6,12.41,ZA,2022-12-10 05:13:56
306,Ati,13.2154,18.3353,65.66,18,0,9.95,TD,2022-12-10 05:13:56
307,Huaihua,27.5494,109.9592,58.51,52,22,6.42,CN,2022-12-10 05:13:57
308,Asfi,32.2994,-9.2372,63.52,88,99,14.72,MA,2022-12-10 05:13:57
309,Puerto Del Rosario,28.5004,-13.8627,64.15,94,0,4.61,ES,2022-12-10 05:13:58
310,Nurobod,40.9056,69.8023,28.63,70,2,2.35,UZ,2022-12-10 05:13:58
311,Vestmannaeyjar,63.4427,-20.2734,34.97,51,0,3.47,IS,2022-12-10 05:13:59
312,Talnakh,69.4865,88.3972,-23.55,91,40,2.33,RU,2022-12-10 05:13:59
313,Brae,60.3964,-1.353,39.83,68,93,14.47,GB,2022-12-10 05:13:59
314,Namibe,-15.1961,12.1522,67.12,78,12,3.44,AO,2022-12-10 05:14:00
315,Kropotkin,45.4375,40.5756,38.12,67,96,8.61,RU,2022-12-10 05:14:00
316,Bilibino,68.0546,166.4372,-21.46,99,92,4.59,RU,2022-12-10 05:11:44
317,Jishu,44.3167,126.8,19.02,57,3,8.61,CN,2022-12-10 05:14:01
318,Bonito,-21.1211,-56.4819,76.51,67,81,3.13,BR,2022-12-10 05:14:01
319,Ashqelon,31.6693,34.5715,49.89,67,0,4.18,IL,2022-12-10 05:14:02
320,Borger,52.9233,6.7931,28.85,93,7,5.99,NL,2022-12-10 05:14:02
321,Bela Vista De Goias,-16.9728,-48.9533,69.15,92,57,4.38,BR,2022-12-10 05:14:03
322,Antiguo Morelos,22.5495,-99.0812,70.45,86,1,3.0,MX,2022-12-10 05:14:03
323,Geraldton,-28.7667,114.6,75.61,46,1,21.85,AU,2022-12-10 05:10:27
324,Touho,-20.7833,165.2333,81.45,73,10,7.02,NC,2022-12-10 05:14:04
325,Alta Floresta,-9.8756,-56.0861,70.02,98,100,3.02,BR,2022-12-10 05:15:05
326,Luau,-10.7073,22.2247,63.9,95,100,1.83,AO,2022-12-10 05:15:05
327,Lakheri,25.6667,76.1667,70.43,33,0,4.56,IN,2022-12-10 05:15:06
328,Rangoon,16.8053,96.1561,85.96,62,8,8.05,MM,2022-12-10 05:15:06
329,Berezovyy,51.6667,135.7,9.9,68,30,1.63,RU,2022-12-10 05:15:07
330,Lima,-12.0432,-77.0282,66.45,77,0,9.22,PE,2022-12-10 05:12:15
331,Kipushi,-11.7667,27.2333,60.96,95,100,3.13,CD,2022-12-10 05:15:08
332,Chumikan,54.7183,135.315,-0.18,83,97,14.38,RU,2022-12-10 05:15:08
333,Port Blair,11.6667,92.75,86.04,74,40,4.61,IN,2022-12-10 05:15:09
334,Olonets,60.9847,32.9698,26.44,96,99,5.95,RU,2022-12-10 05:15:09
335,Ancud,-41.8697,-73.8203,53.31,93,51,5.23,CL,2022-12-10 05:15:10
336,Sarkand,45.41,79.9186,8.6,74,66,1.63,KZ,2022-12-10 05:15:10
337,Sao Felix Do Xingu,-6.6447,-51.995,71.17,95,99,2.01,BR,2022-12-10 05:15:11
338,Iqaluit,63.7506,-68.5145,-11.31,88,32,11.79,CA,2022-12-10 05:15:11
339,Oyama,36.3,139.8,57.15,39,0,4.5,JP,2022-12-10 05:15:12
340,Barwadih,23.8333,84.1167,74.43,24,83,4.52,IN,2022-12-10 05:15:12
341,Omboue,-1.5746,9.2618,75.79,90,84,3.8,GA,2022-12-10 05:15:14
342,Saint-Pierre,-21.3393,55.4781,82.08,65,12,10.36,RE,2022-12-10 05:15:15
343,Pandan,14.0453,124.1694,77.16,94,100,11.74,PH,2022-12-10 05:15:15
344,Kaa-Khem,51.6833,94.7333,-10.53,87,100,2.51,RU,2022-12-10 05:15:16
345,Basoko,1.2391,23.616,71.11,88,100,2.93,CD,2022-12-10 05:15:16
346,Pouembout,-21.1333,164.9,84.6,68,33,3.58,NC,2022-12-10 05:15:17
347,Birao,10.2849,22.7882,66.78,24,95,9.6,CF,2022-12-10 05:15:17
348,Zhigansk,66.7697,123.3711,-22.56,96,100,6.55,RU,2022-12-10 05:15:18
349,Izberbash,42.5696,47.8645,42.1,88,100,20.02,RU,2022-12-10 05:15:18
350,Auki,-8.7676,160.7034,81.79,81,100,3.13,SB,2022-12-10 05:15:19
351,Nauta,-4.5061,-73.5757,71.8,98,100,1.81,PE,2022-12-10 05:15:19
352,Nago,26.5881,127.9761,75.63,78,86,15.3,JP,2022-12-10 05:15:20
353,George Town,5.4112,100.3354,85.93,82,20,10.36,MY,2022-12-10 05:15:13
354,Leh,34.1667,77.5833,22.69,59,90,5.03,IN,2022-12-10 05:15:21
355,Nuristan,35.3,70.8333,18.46,79,79,1.74,AF,2022-12-10 05:15:21
356,Kloulklubed,7.0419,134.2556,84.7,71,100,3.71,PW,2022-12-10 05:15:22
357,Port Macquarie,-31.4333,152.9167,67.89,60,84,7.29,AU,2022-12-10 05:15:22
358,Nelson Bay,-32.7167,152.15,70.09,63,69,5.99,AU,2022-12-10 05:15:23
359,Lambarene,-0.7001,10.2406,73.54,96,88,1.48,GA,2022-12-10 05:15:23
360,Matagami,49.7502,-77.6328,-9.13,98,19,3.87,CA,2022-12-10 05:15:24
361,Trat,12.5,102.5,87.12,60,84,8.99,TH,2022-12-10 05:15:25
362,Mazagao,-0.115,-51.2894,78.85,96,75,3.91,BR,2022-12-10 05:15:25
363,Kemijarvi,66.7131,27.4306,12.52,94,93,7.99,FI,2022-12-10 05:15:26
364,Artyom,40.4723,50.333,48.34,79,100,20.24,AZ,2022-12-10 05:11:11
365,Hasaki,35.7333,140.8333,60.22,57,56,6.82,JP,2022-12-10 05:15:27
366,Bonavista,48.6499,-53.1147,36.7,95,100,15.1,CA,2022-12-10 05:15:27
367,Balkanabat,39.5108,54.3671,34.56,42,4,13.96,TM,2022-12-10 05:15:28
368,Payo,-3.7508,103.6372,78.73,82,100,2.62,ID,2022-12-10 05:15:28
369,Sioux Lookout,50.1001,-91.917,22.66,93,76,9.46,CA,2022-12-10 05:15:28
370,Umm Lajj,25.0213,37.2685,74.61,47,0,11.16,SA,2022-12-10 05:15:29
371,Port Moresby,-9.4431,147.1797,83.98,72,61,7.07,PG,2022-12-10 05:15:29
372,Cuxhaven,53.8718,8.6909,30.96,93,15,4.61,DE,2022-12-10 05:14:30
373,Albion,42.2431,-84.753,32.81,94,100,5.75,US,2022-12-10 05:16:30
374,Kvarkeno,52.0833,59.725,2.28,76,22,7.74,RU,2022-12-10 05:16:31
375,Invermere,50.5167,-116.0354,13.48,95,88,2.95,CA,2022-12-10 05:15:13
376,Colares,38.7992,-9.4469,58.75,83,91,8.99,PT,2022-12-10 05:16:31
377,Genhe,50.7833,121.5167,3.6,88,100,4.12,CN,2022-12-10 05:16:32
378,Rockland,41.1668,-74.0496,34.65,52,0,6.78,US,2022-12-10 05:16:32
379,San Policarpo,12.1791,125.5072,82.24,81,91,5.06,PH,2022-12-10 05:16:33
380,Tevaitoa,-16.7833,-151.5,80.17,72,32,7.54,PF,2022-12-10 05:16:33
381,Barabai,-2.5833,115.3833,90.68,52,92,3.36,ID,2022-12-10 05:16:34
382,Nome,64.5011,-165.4064,29.16,100,100,5.75,US,2022-12-10 05:16:34
383,Bosaso,11.2842,49.1816,77.31,61,42,6.49,SO,2022-12-10 05:16:35
384,Taoudenni,22.6783,-3.9836,72.19,18,16,4.92,ML,2022-12-10 05:16:35
385,Ilheus,-14.7889,-39.0494,73.17,95,100,5.35,BR,2022-12-10 05:16:35
386,Rosetta,31.4044,30.4164,59.27,82,5,6.78,EG,2022-12-10 05:16:36
387,Comodoro Rivadavia,-45.8667,-67.5,58.86,41,0,14.97,AR,2022-12-10 05:16:36
388,Pevek,69.7008,170.3133,-7.17,99,100,3.6,RU,2022-12-10 05:16:37
389,Aklavik,68.2191,-135.0107,-0.53,95,100,7.83,CA,2022-12-10 05:16:37
390,Olutanga,7.3106,122.8464,81.84,73,27,4.81,PH,2022-12-10 05:16:38
391,Najran,17.4924,44.1277,65.05,39,4,1.66,SA,2022-12-10 05:16:38
392,Chiang Klang,19.2938,100.8617,86.97,50,6,2.26,TH,2022-12-10 05:16:39
393,Sinnamary,5.3833,-52.95,76.55,88,100,8.57,GF,2022-12-10 05:16:39
394,Maceio,-9.6658,-35.7353,74.64,94,0,4.61,BR,2022-12-10 05:15:11
395,Mokolo,10.7398,13.8019,63.41,25,0,3.98,CM,2022-12-10 05:16:40
396,Loreto,22.2667,-101.9667,54.09,60,2,5.14,MX,2022-12-10 05:16:40
397,Tsiroanomandidy,-18.7667,46.0333,75.24,59,46,4.74,MG,2022-12-10 05:16:40
398,Ossora,59.2353,163.0719,6.64,75,98,7.56,RU,2022-12-10 05:16:41
399,Sitka,57.0531,-135.33,33.69,86,75,3.44,US,2022-12-10 05:16:41
400,Piranhas,-16.4269,-51.8222,71.42,97,99,5.12,BR,2022-12-10 05:16:42
401,Clyde River,70.4692,-68.5914,-5.57,84,75,6.91,CA,2022-12-10 05:16:42
402,Calvinia,-31.4707,19.776,70.23,30,0,2.3,ZA,2022-12-10 05:16:42
403,Roald,62.5833,6.1333,28.76,68,37,13.8,NO,2022-12-10 05:16:43
404,Karratha,-20.7377,116.8463,100.13,21,1,18.48,AU,2022-12-10 05:16:43
405,Gat,31.61,34.7642,57.4,69,0,1.43,IL,2022-12-10 05:16:44
406,Manavalakurichi,8.1333,77.3,83.59,65,51,15.35,IN,2022-12-10 05:16:44
407,Margate,51.3813,1.3862,28.31,85,15,12.15,GB,2022-12-10 05:16:45
408,Shache,38.4167,77.2406,30.7,28,40,2.91,CN,2022-12-10 05:16:45
409,Dehloran,32.6941,47.2679,59.95,35,16,1.61,IR,2022-12-10 05:16:46
410,Axim,4.8699,-2.2405,77.77,85,4,4.47,GH,2022-12-10 05:16:46
411,Sassandra,4.95,-6.0833,77.25,88,13,4.52,CI,2022-12-10 05:16:47
412,Ust-Charyshskaya Pristan,52.3934,83.6635,3.47,87,65,14.74,RU,2022-12-10 05:16:47
413,Laguna,38.421,-121.4238,52.09,85,100,4.61,US,2022-12-10 05:16:47
414,Samarai,-10.6167,150.6667,85.33,71,85,5.55,PG,2022-12-10 05:16:48
415,Anage,-14.6122,-41.1356,67.89,97,100,3.29,BR,2022-12-10 05:16:48
416,Isangel,-19.55,169.2667,83.79,72,99,7.78,VU,2022-12-10 05:16:49
417,Skerries,53.5828,-6.1083,34.7,90,30,16.22,IE,2022-12-10 05:17:49
418,Katobu,-4.9408,122.5276,84.15,69,82,3.49,ID,2022-12-10 05:17:50
419,Bronnoysund,65.4625,12.1997,24.8,58,99,15.01,NO,2022-12-10 05:17:51
420,Zanesville,39.9404,-82.0132,40.17,89,100,6.91,US,2022-12-10 05:17:43
421,Aykhal,66.0,111.5,-31.4,100,99,6.04,RU,2022-12-10 05:17:51
422,Kibala,9.1104,18.3463,60.75,82,0,2.3,TD,2022-12-10 05:17:52
423,North Druid Hills,33.8168,-84.3133,57.22,88,100,6.91,US,2022-12-10 05:17:52
424,Amuntai,-2.4177,115.2494,93.49,43,98,3.69,ID,2022-12-10 05:17:52
425,Sobolevo,54.4299,31.8996,28.76,98,100,4.43,RU,2022-12-10 05:17:53
426,Katsuura,35.1333,140.3,56.97,58,65,4.85,JP,2022-12-10 05:17:53
427,Sur,22.5667,59.5289,79.61,55,0,12.41,OM,2022-12-10 05:17:54
428,Ilulissat,69.2167,-51.1,33.82,47,20,20.71,GL,2022-12-10 05:17:54
429,Eirunepe,-6.6603,-69.8736,71.2,98,95,1.95,BR,2022-12-10 05:17:55
430,Fort-Shevchenko,44.5086,50.263,28.08,51,0,22.35,KZ,2022-12-10 05:17:55
431,Uribia,11.7139,-72.266,74.25,74,5,6.87,CO,2022-12-10 05:17:56
432,Tibati,6.4667,12.6333,65.21,28,8,2.98,CM,2022-12-10 05:17:56
433,Haines Junction,60.7522,-137.5108,-0.45,85,58,2.3,CA,2022-12-10 05:17:56
434,Parabel,58.6978,81.4825,-17.72,93,49,6.02,RU,2022-12-10 05:17:57
435,Grindavik,63.8424,-22.4338,28.87,86,0,8.05,IS,2022-12-10 05:17:57
436,Mandalgovi,45.7625,106.2708,11.26,32,0,12.59,MN,2022-12-10 05:17:58
437,Altay,47.8667,88.1167,10.35,94,100,2.68,CN,2022-12-10 05:17:58
438,Tank,32.2217,70.3793,67.6,32,33,4.14,PK,2022-12-10 05:17:59
439,Sosva,59.1766,61.8558,4.68,98,98,0.69,RU,2022-12-10 05:17:59
440,Flin Flon,54.7682,-101.865,12.45,96,100,5.97,CA,2022-12-10 05:15:13
441,Swan Hill,-35.3378,143.5544,82.9,20,61,3.71,AU,2022-12-10 05:18:00
442,Abu Dhabi,24.4667,54.3667,77.02,54,20,11.5,AE,2022-12-10 05:18:00
443,Sechura,-5.5569,-80.8222,68.09,78,91,10.65,PE,2022-12-10 05:18:01
444,Palmer,42.1584,-72.3287,34.9,48,0,9.22,US,2022-12-10 05:18:01
445,Wolgast,54.05,13.7667,28.42,83,98,0.94,DE,2022-12-10 05:18:02
446,Nara,34.6851,135.8049,61.97,39,1,3.33,JP,2022-12-10 05:18:02
447,Sungairaya,0.7,108.9,79.79,82,94,6.73,ID,2022-12-10 05:18:03
448,San Luis,-33.295,-66.3356,75.33,61,0,10.78,AR,2022-12-10 05:18:04
449,Magadan,59.5667,150.8,3.4,96,99,4.07,RU,2022-12-10 05:18:04
450,Uige,-7.6087,15.0613,65.88,97,100,0.65,AO,2022-12-10 05:18:06
451,Harsud,22.1,76.7333,70.38,33,71,6.33,IN,2022-12-10 05:18:06
452,Vidim,56.4088,103.1106,11.84,91,100,11.95,RU,2022-12-10 05:18:07
453,Beloha,-25.1667,45.05,81.99,50,49,10.65,MG,2022-12-10 05:18:08
454,Antsohihy,-14.8796,47.9875,85.93,49,2,7.87,MG,2022-12-10 05:18:08
455,Angoram,-4.0625,144.0661,84.85,79,70,3.18,PG,2022-12-10 05:18:09
456,Naberera,-4.2,36.9333,66.36,77,48,5.01,TZ,2022-12-10 05:18:09
457,Walvis Bay,-22.9575,14.5053,60.1,94,0,6.91,NA,2022-12-10 05:18:10
458,Ambon,-3.6954,128.1814,89.74,66,40,5.75,ID,2022-12-10 05:18:10
459,Gogrial,8.5332,28.1004,72.37,36,55,6.67,SS,2022-12-10 05:18:11
460,Daloa,6.8774,-6.4502,70.63,93,1,1.43,CI,2022-12-10 05:18:11
461,Lianzhou,24.7811,112.3825,63.36,53,17,8.7,CN,2022-12-10 05:19:12
462,Kantunilkin,21.0917,-87.45,68.63,81,10,2.77,MX,2022-12-10 05:19:12
463,Tongliao,43.6125,122.2653,23.05,35,0,14.05,CN,2022-12-10 05:19:13
464,Erzin,36.9559,36.2,53.83,63,8,4.09,TR,2022-12-10 05:19:13
465,Guanica,17.9716,-66.908,74.19,78,54,6.06,PR,2022-12-10 05:19:14
466,Pemangkat,1.1667,108.9667,83.28,71,95,11.79,ID,2022-12-10 05:19:14
467,Cascais,38.6979,-9.4215,58.93,85,80,8.99,PT,2022-12-10 05:19:15
468,Saint-Georges,12.0564,-61.7485,73.96,74,90,4.54,GD,2022-12-10 05:18:12
469,Salamanca,40.8333,-6.0,45.0,94,100,9.1,ES,2022-12-10 05:19:16
470,Yumen,40.2833,97.2,18.01,53,88,13.96,CN,2022-12-10 05:19:16
471,Mitsamiouli,-11.3847,43.2844,81.25,73,34,4.29,KM,2022-12-10 05:19:17
472,Saint-Denis,48.9167,2.3333,35.08,94,100,5.75,FR,2022-12-10 05:19:17
473,Te Anau,-45.4167,167.7167,60.17,80,98,2.3,NZ,2022-12-10 05:19:18
474,Taltal,-25.4,-70.4833,63.05,91,46,4.47,CL,2022-12-10 05:19:18
475,Puerto Quijarro,-17.7833,-57.7667,75.69,88,78,4.09,BO,2022-12-10 05:19:19
476,Denpasar,-8.65,115.2167,87.46,70,40,4.61,ID,2022-12-10 05:18:21
477,Verkhnevilyuysk,63.4453,120.3167,-14.57,98,100,2.57,RU,2022-12-10 05:19:20
478,Basay,9.4087,122.64,80.49,83,100,11.41,PH,2022-12-10 05:19:20
479,Komsomolskiy,40.4272,71.7189,29.12,80,100,2.3,UZ,2022-12-10 05:19:21
480,Zaysan,47.4667,84.8667,11.16,88,100,4.38,KZ,2022-12-10 05:19:21
481,Cagsiay,14.2167,121.75,79.59,81,100,7.36,PH,2022-12-10 05:19:22
482,Mahon,39.8885,4.2658,59.56,94,40,5.75,ES,2022-12-10 05:19:22
483,Mount Gambier,-37.8333,140.7667,73.72,40,20,2.35,AU,2022-12-10 05:19:23
484,Tual,-5.6667,132.75,81.84,77,99,10.07,ID,2022-12-10 05:19:23
485,Ateptsevo,55.3236,36.75,27.01,99,100,2.59,RU,2022-12-10 05:19:23
486,Port Hedland,-20.3167,118.5667,107.65,12,40,19.57,AU,2022-12-10 05:19:24
487,Acapulco,16.8634,-99.8901,78.62,78,0,2.3,MX,2022-12-10 05:19:24
488,Tukrah,32.5341,20.5791,63.64,51,62,9.01,LY,2022-12-10 05:19:25
489,Camacha,33.0833,-16.3333,62.02,77,20,2.3,PT,2022-12-10 05:19:25
490,Nokaneng,-19.6667,22.2667,72.32,74,99,6.24,BW,2022-12-10 05:19:26
491,Ebolowa,2.9,11.15,67.35,97,14,1.86,CM,2022-12-10 05:19:26
492,Roma,43.2128,-75.4557,25.72,93,0,0.0,US,2022-12-10 05:19:27
493,Mazamari,-11.3258,-74.5308,68.38,96,97,2.66,PE,2022-12-10 05:19:27
494,Aktash,50.3,87.7333,4.15,92,100,3.36,RU,2022-12-10 05:19:28
495,Trelew,-43.249,-65.3051,64.9,26,29,9.44,AR,2022-12-10 05:19:28
496,Hobyo,5.3505,48.5268,80.22,66,85,18.77,SO,2022-12-10 05:19:29
497,Ayan,56.45,138.1667,2.84,72,38,3.42,RU,2022-12-10 05:19:29
498,Tazmalt,36.3868,4.3989,56.3,90,99,7.74,DZ,2022-12-10 05:19:29
499,Henties Bay,-22.116,14.2845,59.18,94,27,5.23,NA,2022-12-10 05:19:30
500,Westport,41.1415,-73.3579,37.9,56,0,5.01,US,2022-12-10 05:19:30
501,Teguldet,57.3064,88.1667,7.32,91,100,13.29,RU,2022-12-10 05:19:31
502,Kihei,20.785,-156.4656,75.85,69,20,18.41,US,2022-12-10 05:19:31
503,Qaqortoq,60.7167,-46.0333,13.93,70,0,7.99,GL,2022-12-10 05:19:32
504,Svetlogorsk,52.6333,29.7333,32.14,100,100,7.56,BY,2022-12-10 05:19:32
505,Alofi,-19.0595,-169.9187,80.49,83,100,4.61,NU,2022-12-10 05:19:33
506,Soyo,-6.1349,12.3689,77.58,90,99,5.5,AO,2022-12-10 05:19:33
507,Rincon,32.296,-81.2354,60.76,93,100,5.75,US,2022-12-10 05:20:33
508,Banjar,-8.19,114.9675,88.63,59,100,2.42,ID,2022-12-10 05:20:34
509,Cervo,43.6702,-7.4101,48.9,66,100,7.72,ES,2022-12-10 05:20:34
510,Cranbrook,49.4999,-115.7688,26.44,74,75,8.05,CA,2022-12-10 05:20:20
511,Makat,47.6469,53.3463,16.29,86,3,11.23,KZ,2022-12-10 05:20:35
512,San Jose,37.3394,-121.895,54.28,80,75,7.0,US,2022-12-10 05:17:19
513,Los Llanos De Aridane,28.6585,-17.9182,66.13,92,20,7.0,ES,2022-12-10 05:20:36
514,Tutoia,-2.7619,-42.2744,79.21,83,47,12.3,BR,2022-12-10 05:20:36
515,Srandakan,-7.9386,110.2506,85.35,64,84,10.71,ID,2022-12-10 05:20:36
516,Hibbing,47.4272,-92.9377,28.56,66,40,6.91,US,2022-12-10 05:20:37
517,Marsa Matruh,31.3525,27.2453,62.55,88,2,6.85,EG,2022-12-10 05:20:37
518,Mackenzie,55.2999,-123.1698,5.22,85,0,2.3,CA,2022-12-10 05:20:38
519,Atar,20.5169,-13.0499,75.22,25,14,4.94,MR,2022-12-10 05:20:38
520,Kinablangan,7.6947,126.5503,83.52,74,94,5.39,PH,2022-12-10 05:20:39
521,Adrar,20.5022,-10.0711,72.88,16,24,5.64,MR,2022-12-10 05:20:39
522,Asau,46.4333,26.4,38.32,81,100,4.36,RO,2022-12-10 05:20:40
523,Manica,49.0,-1.1667,29.93,85,19,1.21,FR,2022-12-10 05:20:40
524,Yerazgavors,40.7,43.75,32.77,80,100,2.3,AM,2022-12-10 05:20:41
525,Half Moon Bay,37.4636,-122.4286,53.87,83,100,10.36,US,2022-12-10 05:20:41
526,Lanzhou,36.0564,103.7922,31.12,45,40,2.21,CN,2022-12-10 05:20:42
527,Puerto Maldonado,-12.6,-69.1833,77.14,82,100,3.58,PE,2022-12-10 05:20:42
528,Aksu,41.1231,80.2644,29.97,37,5,1.99,CN,2022-12-10 05:20:43
529,Lensk,60.7253,114.9278,0.28,93,100,10.92,RU,2022-12-10 05:20:43
530,Hohoe,7.1518,0.4736,74.44,83,0,2.15,GH,2022-12-10 05:20:44
531,Griffith,41.5284,-87.4237,37.33,93,100,6.91,US,2022-12-10 05:20:44
532,San Vicente,-26.6167,-54.1333,66.94,86,60,1.92,AR,2022-12-10 05:20:44
533,San Angelo,31.4638,-100.437,62.11,85,75,3.44,US,2022-12-10 05:18:52
534,Kandrian,-6.2167,149.55,81.05,83,87,4.83,PG,2022-12-10 05:20:45
535,Aasiaat,68.7098,-52.8699,17.6,87,48,7.34,GL,2022-12-10 05:20:45
536,Callaguip,18.0714,120.4867,82.42,74,75,13.8,PH,2022-12-10 05:20:46
537,Merauke,-8.4667,140.3333,81.99,79,100,8.86,ID,2022-12-10 05:20:46
538,Villa Del Rosario,7.8339,-72.4742,70.18,94,40,0.0,CO,2022-12-10 05:20:47
539,Muros,42.7762,-9.0603,44.1,81,30,10.36,ES,2022-12-10 05:20:47
540,Araouane,18.9048,-3.5265,68.04,16,0,8.25,ML,2022-12-10 05:20:48
541,Talara,-4.5772,-81.2719,67.71,83,89,13.2,PE,2022-12-10 05:18:17
542,Ewa Beach,21.3156,-158.0072,76.95,66,0,19.57,US,2022-12-10 05:20:48
543,Ola,59.5833,151.2833,-5.87,93,97,5.95,RU,2022-12-10 05:20:49
544,Madang,-5.2246,145.7966,84.72,67,100,4.03,PG,2022-12-10 05:20:49
545,Llandrindod Wells,52.2416,-3.3787,31.95,92,31,5.91,GB,2022-12-10 05:20:50
546,Eureka,40.8021,-124.1637,50.61,74,100,14.0,US,2022-12-10 05:20:50
547,Kota Kinabalu,5.9749,116.0724,78.78,89,20,10.36,MY,2022-12-10 05:20:50
548,Narsaq,60.9167,-46.05,16.02,67,0,8.28,GL,2022-12-10 05:20:51
549,Angoche,-16.2325,39.9086,79.84,80,62,4.52,MZ,2022-12-10 05:20:51
550,Requena,39.4883,-1.1004,47.52,86,78,6.85,ES,2022-12-10 05:20:52
551,Kendari,-3.945,122.4989,90.16,52,96,1.3,ID,2022-12-10 05:20:52
552,Boende,-0.2167,20.8667,70.38,89,100,2.3,CD,2022-12-10 05:20:53
553,Rancho Palos Verdes,33.7445,-118.387,56.64,88,5,3.0,US,2022-12-10 05:21:53
554,Ifo,6.8144,3.1958,76.62,87,1,2.89,NG,2022-12-10 05:21:54
555,Lower Hutt,-41.2167,174.9167,66.11,78,20,17.27,NZ,2022-12-10 05:21:54
556,Buta,2.7858,24.73,69.31,92,99,1.63,CD,2022-12-10 05:21:54
557,Alice Springs,-23.7,133.8833,107.15,9,5,6.91,AU,2022-12-10 05:21:55
558,Srisailam,16.0833,78.8667,70.09,82,100,12.82,IN,2022-12-10 05:21:55
559,Gushikawa,26.3544,127.8686,74.79,69,40,18.41,JP,2022-12-10 05:21:56
560,Padilla,3.2204,-76.3139,65.77,93,77,3.53,CO,2022-12-10 05:21:56
561,Kupang,-10.1667,123.5833,90.18,66,20,8.05,ID,2022-12-10 05:21:57
562,Yerofey Pavlovich,53.9667,121.9667,9.34,65,10,5.44,RU,2022-12-10 05:21:57
563,Ordynskoye,54.3656,81.8994,0.82,87,100,16.64,RU,2022-12-10 05:21:58
564,Teya,60.3778,92.6267,5.54,94,100,8.86,RU,2022-12-10 05:21:58
565,Sandnessjoen,66.0217,12.6316,21.65,67,97,3.0,NO,2022-12-10 05:21:58
566,Ravar,31.2656,56.8055,44.62,40,75,2.21,IR,2022-12-10 05:21:59
567,Kenai,60.5544,-151.2583,10.15,90,0,3.44,US,2022-12-10 05:21:59
568,Katherine,-14.4667,132.2667,102.52,32,40,8.05,AU,2022-12-10 05:22:00
569,Ahipara,-35.1667,173.1667,68.16,90,78,8.46,NZ,2022-12-10 05:22:00
570,Mandurah,-32.55,115.7,73.87,53,54,16.53,AU,2022-12-10 05:22:01
571,Darlowo,54.421,16.4107,26.17,91,75,3.02,PL,2022-12-10 05:22:01
572,Bonfim,3.0833,-59.95,75.54,82,75,6.4,BR,2022-12-10 05:22:02
573,Trento,46.0679,11.1211,51.94,85,100,6.91,IT,2022-12-10 05:22:02
574,Waipawa,-41.4122,175.5153,60.24,91,100,4.56,NZ,2022-12-10 05:22:02
575,Constitucion,-35.3333,-72.4167,57.78,81,11,9.62,CL,2022-12-10 05:22:03
576,Arroyo,41.6096,-4.7969,42.15,86,100,8.05,ES,2022-12-10 05:22:03
577,Vitre,48.1178,-1.2058,24.62,87,9,4.27,FR,2022-12-10 05:22:04
578,Pitogo,13.7847,122.0881,77.29,92,100,7.72,PH,2022-12-10 05:22:04
579,Barcelona,41.3888,2.159,56.53,80,75,6.91,ES,2022-12-10 05:18:12
580,Vila,42.0304,-8.1588,37.71,87,98,3.94,PT,2022-12-10 05:22:05
581,Prince Rupert,54.3161,-130.3201,38.89,86,75,11.5,CA,2022-12-10 05:22:05
582,Pushkino,56.0172,37.8667,26.89,97,100,1.97,RU,2022-12-10 05:22:06
583,Shimoda,34.6667,138.95,59.36,59,49,3.74,JP,2022-12-10 05:22:06
584,Rudsar,37.1376,50.288,46.38,84,81,4.07,IR,2022-12-10 05:22:07
585,Yenagoa,4.9247,6.2642,75.16,90,7,3.13,NG,2022-12-10 05:22:07
586,Aurillac,44.9167,2.45,34.02,98,100,6.91,FR,2022-12-10 05:22:07
587,Torit,4.4133,32.5678,75.7,61,64,2.42,SS,2022-12-10 05:22:08
588,Williamsburg,37.2707,-76.7075,45.73,85,0,0.0,US,2022-12-10 05:17:52
589,Nassau,40.7507,-73.5829,37.8,56,0,8.05,US,2022-12-10 05:19:41
590,Teguise,29.0605,-13.564,61.02,94,0,8.05,ES,2022-12-10 05:22:09
591,Boca Do Acre,-8.7522,-67.3978,71.73,99,92,1.97,BR,2022-12-10 05:22:09
592,Agutaya,11.148,120.9417,80.24,78,100,4.41,PH,2022-12-10 05:22:10
593,Ayagoz,47.9714,80.4392,-0.4,96,100,13.29,KZ,2022-12-10 05:22:10
594,Teeli,51.0333,90.2333,-8.01,87,100,1.83,RU,2022-12-10 05:22:10
